rank,movement,points,competitions_played,competitor_id
1,0,13550,18,sr:competitor:407573
2,0,11400,19,sr:competitor:225050
3,0,5370,18,sr:competitor:14882
4,0,4905,22,sr:competitor:57163
5,0,4365,22,sr:competitor:359602
6,0,4185,22,sr:competitor:214182
7,0,4170,23,sr:competitor:136042
8,1,4000,26,sr:competitor:195800
9,-1,3860,22,sr:competitor:808628
10,1,3610,24,sr:competitor:163504
11,-1,3385,25,sr:competitor:163480
12,1,2715,22,sr:competitor:119248
13,-1,2650,22,sr:competitor:763108
14,1,2520,29,sr:competitor:399637
15,1,2410,24,sr:competitor:90080
16,1,2400,24,sr:competitor:106755
17,2,2260,25,sr:competitor:157456
18,3,2084,34,sr:competitor:534043
19,1,2020,24,sr:competitor:255595
20,2,1920,23,sr:competitor:101101
21,6,1860,25,sr:competitor:891669
22,1,1850,22,sr:competitor:339377
23,1,1765,21,sr:competitor:138546
24,5,1753,25,sr:competitor:95935
25,1,1741,23,sr:competitor:158912
26,-12,1710,17,sr:competitor:352776
27,1,1657,28,sr:competitor:63606
28,-10,1640,17,sr:competitor:429603
29,-4,1585,28,sr:competitor:122368
30,0,1485,29,sr:competitor:294300
31,1,1440,18,sr:competitor:671637
32,-1,1430,31,sr:competitor:169496
33,0,1383,26,sr:competitor:175014
34,0,1245,26,sr:competitor:185388
35,1,1225,25,sr:competitor:126356
36,1,1200,26,sr:competitor:203681
37,1,1185,26,sr:competitor:418213
38,1,1160,23,sr:competitor:117916
39,-4,1135,19,sr:competitor:863319
40,4,1135,26,sr:competitor:871495
41,-1,1118,29,sr:competitor:102151
42,-1,1115,23,sr:competitor:195516
43,5,1060,28,sr:competitor:15894
44,-2,1035,18,sr:competitor:23581
45,2,1030,26,sr:competitor:170946
46,0,1020,24,sr:competitor:254383
47,-2,1010,27,sr:competitor:128552
48,2,1000,21,sr:competitor:300540
49,2,1000,22,sr:competitor:15387
50,-1,995,29,sr:competitor:125006
51,-8,995,22,sr:competitor:122366
52,1,980,29,sr:competitor:257721
53,-1,968,27,sr:competitor:399633
54,2,959,21,sr:competitor:47770
55,0,906,31,sr:competitor:127208
56,17,906,25,sr:competitor:655845
57,0,905,22,sr:competitor:108709
58,0,895,31,sr:competitor:130398
59,-5,890,31,sr:competitor:450283
60,2,876,30,sr:competitor:210526
61,18,855,31,sr:competitor:392066
62,-1,840,25,sr:competitor:104847
63,0,836,23,sr:competitor:604344
64,1,835,22,sr:competitor:47975
65,-6,823,23,sr:competitor:102339
66,1,810,30,sr:competitor:204117
67,1,803,24,sr:competitor:130400
68,-2,800,20,sr:competitor:112783
69,-9,795,32,sr:competitor:341220
70,-1,790,30,sr:competitor:42379
71,-1,786,27,sr:competitor:258735
72,5,768,23,sr:competitor:739641
73,3,754,21,sr:competitor:445419
74,1,741,30,sr:competitor:284805
75,-4,735,21,sr:competitor:158896
76,-12,723,31,sr:competitor:49172
77,17,720,27,sr:competitor:472975
78,2,719,28,sr:competitor:46391
79,-1,718,25,sr:competitor:448357
80,3,694,29,sr:competitor:39711
81,-7,691,30,sr:competitor:256875
82,0,679,26,sr:competitor:341192
83,4,679,28,sr:competitor:407783
84,4,679,26,sr:competitor:371436
85,6,674,28,sr:competitor:227358
86,22,671,24,sr:competitor:83397
87,-3,671,25,sr:competitor:248779
88,9,669,26,sr:competitor:829282
89,4,668,24,sr:competitor:16720
90,-9,665,26,sr:competitor:88992
91,-5,665,22,sr:competitor:310974
92,-20,661,32,sr:competitor:188321
93,-4,656,28,sr:competitor:124656
94,-2,649,24,sr:competitor:14548
95,-5,646,21,sr:competitor:64570
96,3,644,20,sr:competitor:501672
97,-2,640,21,sr:competitor:234046
98,19,637,28,sr:competitor:299130
99,5,637,29,sr:competitor:622876
100,9,626,25,sr:competitor:355752
101,-16,625,22,sr:competitor:505550
102,-4,619,28,sr:competitor:443702
103,8,616,22,sr:competitor:94485
104,-4,608,22,sr:competitor:108559
105,-4,603,27,sr:competitor:604238
106,-1,597,24,sr:competitor:658475
107,-11,594,29,sr:competitor:223874
108,11,591,14,sr:competitor:722429
109,-6,588,21,sr:competitor:972327
110,3,584,24,sr:competitor:247607
111,-9,580,32,sr:competitor:90798
112,2,577,30,sr:competitor:359608
113,-7,576,30,sr:competitor:77223
114,4,570,30,sr:competitor:405977
115,-5,565,20,sr:competitor:601146
116,16,564,24,sr:competitor:38517
117,-10,561,24,sr:competitor:40800
118,-6,559,14,sr:competitor:200261
119,-4,551,31,sr:competitor:132834
120,3,543,22,sr:competitor:449767
121,-5,538,21,sr:competitor:87690
122,-1,534,25,sr:competitor:1084926
123,-1,532,26,sr:competitor:105607
124,0,528,26,sr:competitor:309954
125,1,518,25,sr:competitor:63438
126,2,512,19,sr:competitor:276563
127,-7,511,27,sr:competitor:39234
128,-3,510,21,sr:competitor:93597
129,1,497,27,sr:competitor:503814
130,-3,493,25,sr:competitor:58221
131,38,483,29,sr:competitor:682913
132,-1,470,29,sr:competitor:287541
133,-4,469,23,sr:competitor:51345
134,-1,463,21,sr:competitor:26204
135,4,458,28,sr:competitor:673479
136,-2,456,16,sr:competitor:603104
137,13,455,29,sr:competitor:943619
138,13,449,29,sr:competitor:111837
139,-4,444,21,sr:competitor:450477
140,4,441,23,sr:competitor:226036
141,-3,437,30,sr:competitor:153826
142,-5,434,19,sr:competitor:268553
143,-3,431,27,sr:competitor:353530
144,17,417,28,sr:competitor:801374
145,0,414,15,sr:competitor:807574
146,3,407,19,sr:competitor:382058
147,0,406,20,sr:competitor:263917
148,-6,402,13,sr:competitor:223714
149,3,399,18,sr:competitor:157808
150,-9,394,21,sr:competitor:337601
151,4,394,28,sr:competitor:903987
152,2,391,21,sr:competitor:89632
153,-5,390,19,sr:competitor:14844
154,8,389,27,sr:competitor:213170
155,3,386,19,sr:competitor:163636
156,-13,385,22,sr:competitor:25838
157,6,381,23,sr:competitor:682911
158,2,379,26,sr:competitor:801386
159,5,375,24,sr:competitor:57289
160,-7,374,23,sr:competitor:298122
161,5,373,29,sr:competitor:36300
162,-26,371,17,sr:competitor:798876
163,4,369,18,sr:competitor:58369
164,-5,366,23,sr:competitor:893391
165,3,365,25,sr:competitor:51141
166,4,361,22,sr:competitor:59281
167,-2,360,23,sr:competitor:722431
168,4,359,13,sr:competitor:603096
169,5,355,29,sr:competitor:83661
170,10,354,18,sr:competitor:539343
171,73,352,23,sr:competitor:603106
172,6,347,22,sr:competitor:321667
173,6,347,27,sr:competitor:517028
174,-1,342,16,sr:competitor:603098
175,-19,341,15,sr:competitor:739649
176,38,341,26,sr:competitor:938667
177,0,340,27,sr:competitor:212004
178,-32,338,11,sr:competitor:64580
179,5,334,33,sr:competitor:116616
180,7,334,34,sr:competitor:283759
181,13,333,18,sr:competitor:124916
182,3,331,24,sr:competitor:146040
183,14,331,34,sr:competitor:132558
184,-8,328,29,sr:competitor:233184
185,-4,325,30,sr:competitor:138528
186,2,323,21,sr:competitor:100069
187,2,323,32,sr:competitor:17080
188,-31,320,22,sr:competitor:44553
189,1,316,25,sr:competitor:225052
190,2,315,32,sr:competitor:861511
191,2,314,19,sr:competitor:371448
192,34,312,31,sr:competitor:169486
193,-22,310,15,sr:competitor:619900
194,1,310,28,sr:competitor:107357
195,-4,310,31,sr:competitor:276685
196,0,309,28,sr:competitor:240876
197,4,307,23,sr:competitor:226124
198,0,306,20,sr:competitor:872497
199,26,306,24,sr:competitor:44549
200,0,302,19,sr:competitor:145130
201,1,300,17,sr:competitor:16375
202,2,300,36,sr:competitor:48626
203,-20,299,25,sr:competitor:917921
204,-1,297,32,sr:competitor:195458
205,1,288,24,sr:competitor:97231
206,4,288,28,sr:competitor:834054
207,0,287,29,sr:competitor:389114
208,-22,286,23,sr:competitor:113979
209,10,285,24,sr:competitor:187689
210,2,282,31,sr:competitor:145108
211,-6,281,31,sr:competitor:240264
212,-3,280,28,sr:competitor:870877
213,0,279,34,sr:competitor:506300
214,1,271,30,sr:competitor:915153
215,12,268,28,sr:competitor:220588
216,-17,267,15,sr:competitor:124930
217,4,262,20,sr:competitor:145112
218,5,260,22,sr:competitor:686709
219,-8,259,20,sr:competitor:266711
220,4,259,23,sr:competitor:515478
221,1,258,27,sr:competitor:947875
222,-14,256,24,sr:competitor:353550
223,13,255,29,sr:competitor:168420
224,-42,250,22,sr:competitor:92074
225,-9,250,29,sr:competitor:847592
226,12,248,20,sr:competitor:371476
227,3,247,25,sr:competitor:675173
228,-11,245,15,sr:competitor:39726
229,8,244,38,sr:competitor:185434
230,-1,243,23,sr:competitor:226050
231,3,239,21,sr:competitor:50901
232,-14,238,26,sr:competitor:284801
233,-5,238,31,sr:competitor:43761
234,-1,237,18,sr:competitor:63090
235,-60,233,19,sr:competitor:157302
236,5,233,30,sr:competitor:82579
237,-17,232,19,sr:competitor:161262
238,2,231,25,sr:competitor:66484
239,3,231,29,sr:competitor:325737
240,8,229,13,sr:competitor:121668
241,17,229,30,sr:competitor:434058
242,-10,228,25,sr:competitor:47603
243,9,227,39,sr:competitor:279295
244,6,226,29,sr:competitor:54955
245,2,225,27,sr:competitor:251091
246,-15,222,25,sr:competitor:675175
247,2,221,25,sr:competitor:565070
248,-2,221,32,sr:competitor:787144
249,2,221,32,sr:competitor:76515
250,27,220,29,sr:competitor:381022
251,-6,217,29,sr:competitor:414501
252,1,216,25,sr:competitor:501414
253,1,215,21,sr:competitor:251029
254,1,214,21,sr:competitor:52276
255,-20,214,21,sr:competitor:720613
256,19,214,29,sr:competitor:652092
257,3,210,25,sr:competitor:216502
258,-2,207,26,sr:competitor:229022
259,32,207,27,sr:competitor:1034817
260,11,206,33,sr:competitor:199196
261,0,205,16,sr:competitor:721347
262,-19,205,23,sr:competitor:91240
263,0,204,29,sr:competitor:66086
264,1,202,22,sr:competitor:163438
265,5,201,17,sr:competitor:77007
266,-9,201,25,sr:competitor:345576
267,6,201,29,sr:competitor:289105
268,0,200,28,sr:competitor:269523
269,-3,196,30,sr:competitor:679701
270,-8,195,14,sr:competitor:75813
271,34,195,28,sr:competitor:948185
272,15,193,23,sr:competitor:873695
273,-1,193,27,sr:competitor:603420
274,4,192,33,sr:competitor:197674
275,-8,192,40,sr:competitor:880089
276,-7,191,26,sr:competitor:65606
277,-1,187,24,sr:competitor:897995
278,4,185,24,sr:competitor:131566
279,-40,185,26,sr:competitor:809320
280,-1,185,27,sr:competitor:341188
281,-7,184,30,sr:competitor:350752
282,1,182,27,sr:competitor:47764
283,119,181,13,sr:competitor:218538
284,17,181,13,sr:competitor:515510
285,-26,181,21,sr:competitor:16683
286,7,181,24,sr:competitor:603820
287,23,181,25,sr:competitor:242548
288,7,181,39,sr:competitor:679699
289,0,179,21,sr:competitor:321665
290,-9,179,22,sr:competitor:72248
291,16,179,24,sr:competitor:82157
292,11,177,26,sr:competitor:530317
293,4,177,36,sr:competitor:103625
294,-6,175,28,sr:competitor:108767
295,9,175,26,sr:competitor:101157
296,0,174,19,sr:competitor:580167
297,-3,174,23,sr:competitor:50139
298,-18,174,30,sr:competitor:82133
299,123,173,20,sr:competitor:42152
300,-2,173,26,sr:competitor:927343
301,5,173,26,sr:competitor:284835
302,-12,172,23,sr:competitor:286541
303,-3,170,32,sr:competitor:809324
304,-2,169,23,sr:competitor:221538
305,15,169,29,sr:competitor:210502
306,13,168,24,sr:competitor:428657
307,-21,167,27,sr:competitor:275393
308,-23,166,20,sr:competitor:46390
309,-10,164,21,sr:competitor:461029
310,-18,164,25,sr:competitor:373348
311,-3,164,28,sr:competitor:83263
312,-48,164,31,sr:competitor:51009
313,-4,163,27,sr:competitor:157394
314,-3,161,19,sr:competitor:404791
315,-3,161,26,sr:competitor:226132
316,-3,160,25,sr:competitor:763106
317,-3,158,27,sr:competitor:663757
318,-1,157,28,sr:competitor:155684
319,-4,157,29,sr:competitor:141882
320,17,156,31,sr:competitor:450343
321,0,156,35,sr:competitor:48225
322,-6,155,25,sr:competitor:81271
323,-5,155,30,sr:competitor:305776
324,-2,155,32,sr:competitor:768772
325,-2,154,15,sr:competitor:23670
326,12,154,21,sr:competitor:675527
327,-3,154,21,sr:competitor:299818
328,30,152,14,sr:competitor:402317
329,7,151,26,sr:competitor:38180
330,-3,150,11,sr:competitor:812472
331,-3,150,29,sr:competitor:373852
332,1,150,29,sr:competitor:305558
333,8,149,23,sr:competitor:452767
334,-5,148,29,sr:competitor:208165
335,11,148,29,sr:competitor:441534
336,13,147,16,sr:competitor:496346
337,-6,146,17,sr:competitor:685469
338,-4,146,29,sr:competitor:574371
339,-4,145,19,sr:competitor:342826
340,11,145,29,sr:competitor:205773
341,-1,143,20,sr:competitor:785974
342,-3,143,21,sr:competitor:130436
343,-1,142,10,sr:competitor:97647
344,12,142,22,sr:competitor:387066
345,-15,142,32,sr:competitor:240916
346,-14,140,21,sr:competitor:655825
347,16,139,25,sr:competitor:583711
348,-22,139,28,sr:competitor:145122
349,-24,139,34,sr:competitor:303862
350,4,137,28,sr:competitor:620338
351,8,136,15,sr:competitor:131442
352,3,136,21,sr:competitor:152864
353,-1,136,23,sr:competitor:163996
354,11,136,29,sr:competitor:312088
355,-8,135,19,sr:competitor:219534
356,1,135,23,sr:competitor:791648
357,5,132,20,sr:competitor:262679
358,-8,132,28,sr:competitor:220932
359,82,131,21,sr:competitor:210592
360,55,130,21,sr:competitor:53483
361,3,130,24,sr:competitor:205767
362,5,130,25,sr:competitor:80665
363,-10,130,26,sr:competitor:660427
364,2,130,28,sr:competitor:50847
365,4,129,22,sr:competitor:530313
366,-22,129,33,sr:competitor:85877
367,-6,128,19,sr:competitor:675129
368,16,128,19,sr:competitor:745797
369,4,128,22,sr:competitor:177686
370,105,128,23,sr:competitor:516848
371,25,127,12,sr:competitor:904525
372,3,125,3,sr:competitor:14414
373,-1,125,18,sr:competitor:228372
374,0,125,24,sr:competitor:312728
375,2,125,28,sr:competitor:422993
376,-8,125,29,sr:competitor:915433
377,5,125,29,sr:competitor:268441
378,163,124,23,sr:competitor:853643
379,6,124,25,sr:competitor:265559
380,-32,124,27,sr:competitor:123694
381,0,124,29,sr:competitor:57155
382,-2,123,25,sr:competitor:211992
383,46,123,27,sr:competitor:79467
384,10,123,29,sr:competitor:617530
385,8,122,18,sr:competitor:1141275
386,-3,121,26,sr:competitor:245779
387,-27,121,19,sr:competitor:250231
388,-10,121,20,sr:competitor:307112
389,24,121,30,sr:competitor:983475
390,-4,120,11,sr:competitor:38183
391,-4,120,16,sr:competitor:206879
392,11,120,18,sr:competitor:605854
393,28,120,28,sr:competitor:135778
394,4,119,21,sr:competitor:51100
395,-19,119,22,sr:competitor:457059
396,-8,119,23,sr:competitor:686911
397,-7,119,27,sr:competitor:126402
398,-7,118,13,sr:competitor:16822
399,-10,118,21,sr:competitor:861461
400,-5,118,29,sr:competitor:283423
401,-4,117,19,sr:competitor:423131
402,28,117,27,sr:competitor:652290
403,-2,116,11,sr:competitor:598418
404,0,116,22,sr:competitor:83211
405,-60,116,26,sr:competitor:229024
406,-1,116,28,sr:competitor:983487
407,46,115,18,sr:competitor:24415
408,-2,115,18,sr:competitor:313891
409,9,115,20,sr:competitor:193824
410,-1,114,21,sr:competitor:242556
411,38,114,21,sr:competitor:628218
412,-128,113,14,sr:competitor:15733
413,-14,113,21,sr:competitor:92667
414,2,113,26,sr:competitor:920395
415,42,113,35,sr:competitor:190062
416,1,112,18,sr:competitor:809322
417,53,112,19,sr:competitor:1021133
418,-8,112,23,sr:competitor:134602
419,4,112,24,sr:competitor:215492
420,-8,112,25,sr:competitor:412813
421,-21,112,28,sr:competitor:280449
422,5,111,30,sr:competitor:111857
423,-44,110,23,sr:competitor:65576
424,-54,109,25,sr:competitor:55745
425,6,108,23,sr:competitor:231192
426,-1,108,28,sr:competitor:269535
427,62,107,13,sr:competitor:839014
428,-57,107,16,sr:competitor:49417
429,-21,107,20,sr:competitor:54975
430,2,107,24,sr:competitor:272281
431,-5,107,27,sr:competitor:152898
432,1,107,27,sr:competitor:262865
433,1,107,28,sr:competitor:588075
434,-42,106,13,sr:competitor:172482
435,3,106,26,sr:competitor:844730
436,6,106,27,sr:competitor:353586
437,3,106,32,sr:competitor:873679
438,6,104,21,sr:competitor:52462
439,-19,104,26,sr:competitor:353548
440,5,104,31,sr:competitor:927487
441,7,103,17,sr:competitor:66002
442,-35,103,19,sr:competitor:780796
443,-6,103,20,sr:competitor:863263
444,6,103,25,sr:competitor:280601
445,2,103,26,sr:competitor:783794
446,-27,102,21,sr:competitor:44547
447,35,102,24,sr:competitor:165234
448,29,102,25,sr:competitor:645452
449,16,101,21,sr:competitor:345060
450,-107,101,26,sr:competitor:56361
451,-5,100,15,sr:competitor:48632
452,3,100,24,sr:competitor:96239
453,11,100,25,sr:competitor:364992
454,2,100,28,sr:competitor:269571
455,-12,100,31,sr:competitor:103313
456,-4,99,16,sr:competitor:404811
457,1,99,19,sr:competitor:671229
458,-34,99,23,sr:competitor:318567
459,-48,99,24,sr:competitor:369630
460,-1,99,26,sr:competitor:900139
461,0,98,17,sr:competitor:224024
462,44,97,17,sr:competitor:32466
463,-9,97,17,sr:competitor:723013
464,-2,97,17,sr:competitor:498580
465,1,97,22,sr:competitor:508496
466,1,97,25,sr:competitor:378320
467,27,97,25,sr:competitor:833442
468,-8,97,26,sr:competitor:494844
469,-1,97,27,sr:competitor:460963
470,25,96,33,sr:competitor:310968
471,-2,95,8,sr:competitor:119140
472,-1,95,17,sr:competitor:49663
473,-38,94,12,sr:competitor:51309
474,-2,94,12,sr:competitor:283965
475,17,94,18,sr:competitor:106153
476,-48,94,20,sr:competitor:328985
477,50,94,21,sr:competitor:369572
478,1,94,24,sr:competitor:319243
479,68,94,25,sr:competitor:375550
480,-6,93,18,sr:competitor:15858
481,-5,93,20,sr:competitor:837590
482,81,93,27,sr:competitor:727361
483,-44,93,28,sr:competitor:983047
484,-11,91,16,sr:competitor:813476
485,22,91,23,sr:competitor:907007
486,-3,91,29,sr:competitor:49660
487,-24,90,20,sr:competitor:99377
488,-4,89,14,sr:competitor:440160
489,-3,89,19,sr:competitor:637610
490,-2,89,31,sr:competitor:364934
491,0,88,16,sr:competitor:108565
492,1,88,23,sr:competitor:220590
493,-15,88,24,sr:competitor:871807
494,6,88,28,sr:competitor:779248
495,29,88,32,sr:competitor:303808
496,0,87,17,sr:competitor:637536
497,0,87,20,sr:competitor:729741
498,20,87,24,sr:competitor:917723
499,-1,85,19,sr:competitor:757506
500,-13,85,24,sr:competitor:214184
1,0,11025,20,sr:competitor:157754
2,1,7783,22,sr:competitor:186312
3,-1,7413,20,sr:competitor:274013
4,0,6748,20,sr:competitor:373352
5,0,6678,22,sr:competitor:44834
6,0,6180,21,sr:competitor:281189
7,0,4232,20,sr:competitor:69208
8,1,4020,16,sr:competitor:51293
9,1,3351,21,sr:competitor:813176
10,-2,3066,20,sr:competitor:871583
11,0,2918,26,sr:competitor:67759
12,0,2803,19,sr:competitor:63957
13,1,2801,23,sr:competitor:401055
14,-1,2668,16,sr:competitor:85077
15,1,2434,21,sr:competitor:66476
16,1,2095,24,sr:competitor:329535
17,1,2070,21,sr:competitor:914135
18,-3,2026,19,sr:competitor:35424
19,2,1936,22,sr:competitor:78551
20,0,1898,25,sr:competitor:588071
21,1,1868,22,sr:competitor:179146
22,-3,1845,23,sr:competitor:128584
23,1,1680,23,sr:competitor:352782
24,2,1655,21,sr:competitor:64496
25,2,1598,27,sr:competitor:289507
26,-3,1553,15,sr:competitor:348760
27,-2,1550,27,sr:competitor:228418
28,0,1528,18,sr:competitor:278887
29,3,1525,28,sr:competitor:627278
30,1,1446,27,sr:competitor:99131
31,-2,1445,29,sr:competitor:776340
32,1,1425,24,sr:competitor:105463
33,1,1410,25,sr:competitor:65950
34,-4,1383,25,sr:competitor:272217
35,3,1374,23,sr:competitor:19728
36,-1,1367,26,sr:competitor:72758
37,-1,1348,24,sr:competitor:71250
38,-1,1345,21,sr:competitor:466689
39,2,1333,27,sr:competitor:261583
40,-1,1330,27,sr:competitor:460837
41,-1,1326,20,sr:competitor:741433
42,2,1324,23,sr:competitor:72376
43,3,1263,14,sr:competitor:152804
44,-2,1255,28,sr:competitor:373354
45,-2,1244,25,sr:competitor:319455
46,-1,1242,26,sr:competitor:91960
47,1,1237,20,sr:competitor:360038
48,2,1227,24,sr:competitor:405057
49,-2,1217,18,sr:competitor:728549
50,-1,1209,24,sr:competitor:42289
51,0,1168,26,sr:competitor:287769
52,1,1156,18,sr:competitor:60398
53,2,1143,20,sr:competitor:37508
54,-2,1140,24,sr:competitor:192108
55,2,1111,27,sr:competitor:577513
56,-2,1107,22,sr:competitor:459013
57,-1,1090,18,sr:competitor:66968
58,3,1071,26,sr:competitor:242630
59,0,1069,35,sr:competitor:19520
60,-2,1047,26,sr:competitor:246905
61,1,1036,24,sr:competitor:19607
62,1,1021,30,sr:competitor:406199
63,2,1000,24,sr:competitor:504238
64,-4,987,23,sr:competitor:132370
65,1,986,28,sr:competitor:150574
66,7,960,29,sr:competitor:325729
67,-3,957,23,sr:competitor:62924
68,44,950,32,sr:competitor:534045
69,-2,942,25,sr:competitor:59702
70,-1,915,31,sr:competitor:105099
71,0,912,27,sr:competitor:445421
72,-4,903,26,sr:competitor:242602
73,1,900,23,sr:competitor:103901
74,12,899,33,sr:competitor:341112
75,1,896,26,sr:competitor:45545
76,-4,896,29,sr:competitor:790640
77,-7,893,23,sr:competitor:246941
78,-1,883,30,sr:competitor:335171
79,3,879,24,sr:competitor:549759
80,7,874,11,sr:competitor:51387
81,4,872,26,sr:competitor:34486
82,6,869,33,sr:competitor:252223
83,-3,866,27,sr:competitor:299310
84,-9,864,24,sr:competitor:48455
85,-6,864,32,sr:competitor:113079
86,-3,845,26,sr:competitor:762762
87,-3,842,27,sr:competitor:97995
88,-7,842,29,sr:competitor:245295
89,8,841,30,sr:competitor:675191
90,-1,825,30,sr:competitor:111189
91,11,821,29,sr:competitor:369524
92,2,820,28,sr:competitor:192130
93,0,815,22,sr:competitor:198488
94,-4,811,21,sr:competitor:211262
95,3,811,27,sr:competitor:343160
96,-5,810,21,sr:competitor:234150
97,-2,804,35,sr:competitor:254551
98,-6,803,23,sr:competitor:205633
99,-21,800,14,sr:competitor:58515
100,6,797,18,sr:competitor:133662
101,0,794,21,sr:competitor:721779
102,9,788,27,sr:competitor:318195
103,-4,786,30,sr:competitor:568715
104,11,766,30,sr:competitor:801414
105,-9,764,33,sr:competitor:256547
106,18,761,29,sr:competitor:604388
107,-3,759,29,sr:competitor:88310
108,-3,751,33,sr:competitor:225130
109,-1,746,29,sr:competitor:208105
110,7,737,24,sr:competitor:380704
111,-11,735,24,sr:competitor:202363
112,-3,734,30,sr:competitor:69988
113,-3,730,23,sr:competitor:124804
114,0,716,16,sr:competitor:19546
115,4,708,16,sr:competitor:906723
116,0,701,26,sr:competitor:45902
117,-14,697,23,sr:competitor:50641
118,4,697,18,sr:competitor:501894
119,-6,694,29,sr:competitor:210716
120,-13,690,31,sr:competitor:315609
121,0,685,23,sr:competitor:526975
122,-4,680,26,sr:competitor:71034
123,0,665,33,sr:competitor:112957
124,-4,664,24,sr:competitor:41877
125,0,643,24,sr:competitor:845268
126,4,629,19,sr:competitor:595220
127,62,625,16,sr:competitor:90664
128,6,621,24,sr:competitor:235260
129,2,613,27,sr:competitor:662615
130,18,604,24,sr:competitor:110299
131,15,602,32,sr:competitor:42492
132,-3,602,28,sr:competitor:807358
133,0,591,27,sr:competitor:874195
134,2,588,27,sr:competitor:282219
135,2,579,28,sr:competitor:341216
136,-8,574,19,sr:competitor:280657
137,-11,572,23,sr:competitor:87834
138,-11,571,25,sr:competitor:123824
139,-7,569,25,sr:competitor:99405
140,-5,560,36,sr:competitor:19847
141,3,552,31,sr:competitor:297588
142,-3,549,21,sr:competitor:45584
143,-5,540,27,sr:competitor:155890
144,-2,540,27,sr:competitor:720625
145,-2,537,19,sr:competitor:501140
146,19,534,19,sr:competitor:217912
147,-2,532,18,sr:competitor:978117
148,-8,519,28,sr:competitor:675193
149,0,497,27,sr:competitor:675189
150,6,494,26,sr:competitor:467035
151,7,493,27,sr:competitor:227390
152,-11,490,32,sr:competitor:110055
153,-6,490,26,sr:competitor:467037
154,3,484,31,sr:competitor:380396
155,-5,478,36,sr:competitor:18919
156,-3,476,21,sr:competitor:110803
157,-3,473,27,sr:competitor:496372
158,-3,471,22,sr:competitor:750327
159,5,464,25,sr:competitor:1020125
160,-8,462,29,sr:competitor:260987
161,-1,461,28,sr:competitor:92879
162,-3,459,34,sr:competitor:45139
163,-12,457,25,sr:competitor:41374
164,23,448,24,sr:competitor:137962
165,3,446,34,sr:competitor:48486
166,0,440,27,sr:competitor:356694
167,-6,436,31,sr:competitor:141892
168,3,434,29,sr:competitor:208017
169,0,431,28,sr:competitor:63220
170,7,422,27,sr:competitor:63682
171,-8,420,8,sr:competitor:35838
172,11,420,29,sr:competitor:256447
173,-3,416,27,sr:competitor:273017
174,-2,412,20,sr:competitor:1017327
175,1,410,25,sr:competitor:784280
176,-14,409,25,sr:competitor:53789
177,-2,408,27,sr:competitor:72450
178,8,407,25,sr:competitor:132988
179,-1,400,21,sr:competitor:679319
180,12,396,28,sr:competitor:337813
181,-2,394,14,sr:competitor:90814
182,-2,394,27,sr:competitor:286435
183,-2,393,25,sr:competitor:130624
184,9,391,30,sr:competitor:42839
185,-1,387,24,sr:competitor:67743
186,2,385,16,sr:competitor:19788
187,-2,384,13,sr:competitor:755469
188,-21,383,19,sr:competitor:153652
189,1,383,23,sr:competitor:751899
190,1,383,27,sr:competitor:210558
191,-17,382,31,sr:competitor:71484
192,5,378,23,sr:competitor:58053
193,20,378,34,sr:competitor:448081
194,8,377,14,sr:competitor:300496
195,-22,375,7,sr:competitor:19017
196,-14,375,22,sr:competitor:378226
197,-2,370,25,sr:competitor:335165
198,-2,368,16,sr:competitor:67757
199,1,368,30,sr:competitor:135192
200,-2,367,26,sr:competitor:412817
201,33,366,14,sr:competitor:45835
202,2,361,24,sr:competitor:50655
203,-4,356,23,sr:competitor:59662
204,-10,352,31,sr:competitor:805538
205,-2,349,23,sr:competitor:835864
206,0,346,26,sr:competitor:799304
207,-6,345,16,sr:competitor:499098
208,2,344,30,sr:competitor:183861
209,32,341,25,sr:competitor:138452
210,2,340,32,sr:competitor:64085
211,0,338,16,sr:competitor:92442
212,7,336,28,sr:competitor:234398
213,15,335,23,sr:competitor:771430
214,-6,335,25,sr:competitor:586739
215,-10,334,20,sr:competitor:179300
216,-9,332,31,sr:competitor:155556
217,0,331,29,sr:competitor:129534
218,34,329,34,sr:competitor:98733
219,1,326,30,sr:competitor:115507
220,-6,324,32,sr:competitor:206949
221,-5,323,13,sr:competitor:65656
222,5,323,18,sr:competitor:784898
223,-5,321,26,sr:competitor:337811
224,-15,321,24,sr:competitor:51651
225,-10,320,33,sr:competitor:46591
226,-3,315,15,sr:competitor:262759
227,-3,313,30,sr:competitor:106341
228,4,313,29,sr:competitor:67322
229,-8,313,22,sr:competitor:655811
230,10,311,16,sr:competitor:662257
231,-6,309,20,sr:competitor:676251
232,-10,308,29,sr:competitor:728547
233,-4,306,35,sr:competitor:82307
234,-4,306,27,sr:competitor:96061
235,-9,298,25,sr:competitor:23082
236,-1,298,26,sr:competitor:1022815
237,0,297,31,sr:competitor:128638
238,26,295,19,sr:competitor:150130
239,-1,295,29,sr:competitor:47969
240,-9,291,21,sr:competitor:215476
241,17,290,16,sr:competitor:942037
242,12,288,26,sr:competitor:97415
243,6,287,36,sr:competitor:505970
244,-2,287,25,sr:competitor:289093
245,-6,287,28,sr:competitor:453301
246,7,287,20,sr:competitor:132414
247,1,285,32,sr:competitor:103375
248,25,284,26,sr:competitor:79443
249,1,283,27,sr:competitor:96237
250,-5,280,18,sr:competitor:195048
251,-5,280,32,sr:competitor:137932
252,-8,279,21,sr:competitor:812502
253,3,276,32,sr:competitor:303814
254,3,274,25,sr:competitor:215598
255,14,270,34,sr:competitor:132412
256,-5,269,23,sr:competitor:420829
257,-24,269,27,sr:competitor:51839
258,2,268,14,sr:competitor:26120
259,6,268,21,sr:competitor:545583
260,1,267,5,sr:competitor:20732
261,2,266,15,sr:competitor:41404
262,5,261,22,sr:competitor:49171
263,5,260,20,sr:competitor:155952
264,51,259,21,sr:competitor:881847
265,6,258,26,sr:competitor:136302
266,-19,257,26,sr:competitor:134532
267,-5,255,18,sr:competitor:978809
268,-2,252,9,sr:competitor:55401
269,6,251,20,sr:competitor:102191
270,2,250,31,sr:competitor:720629
271,40,248,24,sr:competitor:515432
272,4,247,27,sr:competitor:245711
273,8,247,17,sr:competitor:881685
274,5,246,20,sr:competitor:435794
275,25,243,22,sr:competitor:517296
276,-33,242,29,sr:competitor:870983
277,5,242,23,sr:competitor:282597
278,-19,241,15,sr:competitor:789688
279,1,241,31,sr:competitor:230112
280,3,240,25,sr:competitor:933453
281,3,239,16,sr:competitor:979575
282,3,239,15,sr:competitor:499486
283,4,238,16,sr:competitor:813490
284,41,234,12,sr:competitor:950919
285,1,234,19,sr:competitor:510530
286,-9,233,20,sr:competitor:473609
287,-17,232,30,sr:competitor:628190
288,1,232,14,sr:competitor:881849
289,-1,232,33,sr:competitor:448121
290,0,231,18,sr:competitor:48318
291,0,231,34,sr:competitor:378144
292,2,231,27,sr:competitor:202623
293,-15,231,17,sr:competitor:882091
294,-2,230,28,sr:competitor:857871
295,-2,229,30,sr:competitor:861587
296,-41,228,24,sr:competitor:160190
297,8,228,25,sr:competitor:833336
298,36,228,18,sr:competitor:906635
299,11,222,27,sr:competitor:80535
300,67,222,15,sr:competitor:459171
301,-27,221,23,sr:competitor:165866
302,4,221,21,sr:competitor:217036
303,-5,219,12,sr:competitor:19957
304,-5,218,25,sr:competitor:103549
305,38,217,22,sr:competitor:662273
306,-5,217,25,sr:competitor:875503
307,-5,216,27,sr:competitor:130690
308,-72,216,20,sr:competitor:403329
309,-6,216,28,sr:competitor:258753
310,2,216,24,sr:competitor:341196
311,-7,215,21,sr:competitor:154744
312,-16,214,18,sr:competitor:36443
313,11,211,26,sr:competitor:445423
314,-5,210,24,sr:competitor:45605
315,99,209,21,sr:competitor:870979
316,-3,209,17,sr:competitor:763112
317,3,208,24,sr:competitor:227486
318,-4,208,21,sr:competitor:567285
319,-2,206,28,sr:competitor:157150
320,-4,205,25,sr:competitor:119216
321,-2,205,19,sr:competitor:416473
322,13,205,28,sr:competitor:194474
323,7,204,12,sr:competitor:938101
324,-2,204,18,sr:competitor:118526
325,-4,203,25,sr:competitor:904005
326,11,200,23,sr:competitor:831284
327,-4,199,24,sr:competitor:319349
328,8,198,25,sr:competitor:624838
329,-3,198,18,sr:competitor:658439
330,-33,195,21,sr:competitor:255031
331,2,194,31,sr:competitor:213144
332,16,193,8,sr:competitor:1076038
333,6,193,26,sr:competitor:222546
334,-2,192,27,sr:competitor:198092
335,-7,191,16,sr:competitor:366114
336,-28,190,19,sr:competitor:343066
337,-42,189,6,sr:competitor:499484
338,-20,189,12,sr:competitor:915129
339,12,189,26,sr:competitor:739667
340,36,189,21,sr:competitor:445291
341,-1,188,22,sr:competitor:299308
342,-1,188,18,sr:competitor:603102
343,-1,188,20,sr:competitor:44417
344,2,188,21,sr:competitor:720627
345,30,187,26,sr:competitor:731427
346,-19,187,19,sr:competitor:208125
347,-16,185,19,sr:competitor:55309
348,-1,184,16,sr:competitor:731379
349,12,184,17,sr:competitor:1045543
350,-21,183,21,sr:competitor:122630
351,6,183,27,sr:competitor:299270
352,-2,183,21,sr:competitor:420819
353,0,182,21,sr:competitor:19610
354,5,182,26,sr:competitor:244216
355,5,182,21,sr:competitor:104929
356,-7,182,16,sr:competitor:858867
357,7,181,30,sr:competitor:137948
358,-4,180,6,sr:competitor:18298
359,-4,180,10,sr:competitor:52025
360,-16,180,19,sr:competitor:524486
361,-5,180,19,sr:competitor:450331
362,18,178,12,sr:competitor:257691
363,2,177,23,sr:competitor:535801
364,-6,177,23,sr:competitor:783792
365,-27,177,23,sr:competitor:342788
366,-14,176,12,sr:competitor:981745
367,-1,175,21,sr:competitor:880229
368,4,174,26,sr:competitor:98105
369,-7,174,19,sr:competitor:686597
370,-2,173,18,sr:competitor:83607
371,11,168,4,sr:competitor:588069
372,6,167,25,sr:competitor:226092
373,8,167,21,sr:competitor:111149
374,-4,165,16,sr:competitor:75825
375,9,165,21,sr:competitor:95853
376,7,165,8,sr:competitor:843378
377,-8,165,23,sr:competitor:47876
378,-4,164,23,sr:competitor:148276
379,12,163,37,sr:competitor:325837
380,-9,162,17,sr:competitor:52691
381,-8,162,19,sr:competitor:875507
382,-5,162,31,sr:competitor:52533
383,4,161,29,sr:competitor:410299
384,5,161,23,sr:competitor:71284
385,1,160,22,sr:competitor:433758
386,-1,160,27,sr:competitor:157368
387,10,160,30,sr:competitor:772918
388,4,160,24,sr:competitor:509086
389,10,159,25,sr:competitor:278943
390,5,159,20,sr:competitor:723099
391,2,158,20,sr:competitor:831262
392,6,157,27,sr:competitor:209716
393,-14,157,24,sr:competitor:20354
394,-49,156,11,sr:competitor:120666
395,-5,156,18,sr:competitor:283489
396,4,155,21,sr:competitor:782066
397,71,155,13,sr:competitor:967949
398,4,155,25,sr:competitor:226644
399,31,155,22,sr:competitor:496316
400,-6,153,20,sr:competitor:496378
401,3,152,26,sr:competitor:319461
402,4,152,15,sr:competitor:534517
403,0,151,18,sr:competitor:79315
404,3,151,22,sr:competitor:898045
405,14,151,21,sr:competitor:728507
406,5,149,22,sr:competitor:1020859
407,-11,149,16,sr:competitor:138654
408,4,148,14,sr:competitor:54397
409,1,148,10,sr:competitor:100341
410,12,148,17,sr:competitor:164852
411,-104,147,26,sr:competitor:329009
412,4,147,22,sr:competitor:78785
413,4,147,25,sr:competitor:120722
414,9,146,24,sr:competitor:853745
415,-10,146,21,sr:competitor:927441
416,12,144,24,sr:competitor:143146
417,-8,144,25,sr:competitor:25822
418,-3,143,24,sr:competitor:960137
419,-31,143,18,sr:competitor:189384
420,1,142,22,sr:competitor:52388
421,6,141,29,sr:competitor:92877
422,2,141,16,sr:competitor:292540
423,19,141,17,sr:competitor:352808
424,37,141,21,sr:competitor:476218
425,7,140,14,sr:competitor:227490
426,5,140,20,sr:competitor:459317
427,-2,140,14,sr:competitor:183957
428,10,138,25,sr:competitor:745799
429,-3,138,32,sr:competitor:849553
430,-1,137,15,sr:competitor:203893
431,-30,137,18,sr:competitor:195408
432,4,136,27,sr:competitor:517274
433,4,136,17,sr:competitor:120664
434,11,135,20,sr:competitor:43502
435,4,134,20,sr:competitor:158636
436,4,134,20,sr:competitor:286459
437,13,133,16,sr:competitor:473937
438,-18,133,21,sr:competitor:280635
439,-6,132,19,sr:competitor:107327
440,1,132,11,sr:competitor:73448
441,29,131,20,sr:competitor:345070
442,2,131,24,sr:competitor:262701
443,-80,128,13,sr:competitor:393654
444,37,128,9,sr:competitor:1186895
445,-27,127,19,sr:competitor:842594
446,66,126,20,sr:competitor:770242
447,55,126,20,sr:competitor:927551
448,0,125,17,sr:competitor:172590
449,5,125,20,sr:competitor:448093
450,5,125,20,sr:competitor:722877
451,6,124,18,sr:competitor:190882
452,-39,124,9,sr:competitor:52183
453,11,124,22,sr:competitor:586741
454,41,124,26,sr:competitor:315623
455,73,124,16,sr:competitor:513582
456,3,124,8,sr:competitor:960043
457,3,124,9,sr:competitor:431743
458,-15,123,22,sr:competitor:414533
459,3,123,23,sr:competitor:804342
460,3,123,21,sr:competitor:185412
461,-15,123,20,sr:competitor:1027515
462,-27,122,26,sr:competitor:168526
463,-29,122,27,sr:competitor:50643
464,1,121,22,sr:competitor:160530
465,-18,120,16,sr:competitor:194690
466,3,120,19,sr:competitor:152106
467,-11,120,18,sr:competitor:355958
468,14,119,17,sr:competitor:134342
469,36,118,11,sr:competitor:1222991
470,8,118,15,sr:competitor:258719
471,60,118,23,sr:competitor:664357
472,-21,118,23,sr:competitor:1008651
473,-6,117,21,sr:competitor:868599
474,-1,117,23,sr:competitor:829748
475,101,117,16,sr:competitor:890199
476,-4,116,15,sr:competitor:915371
477,-3,116,20,sr:competitor:418447
478,-3,116,22,sr:competitor:517006
479,-3,115,22,sr:competitor:836764
480,-3,115,20,sr:competitor:282057
481,61,114,22,sr:competitor:967809
482,-3,114,19,sr:competitor:783610
483,-12,114,18,sr:competitor:82609
484,9,114,16,sr:competitor:214264
485,-2,113,19,sr:competitor:950977
486,-2,113,22,sr:competitor:348196
487,0,113,18,sr:competitor:418139
488,0,113,19,sr:competitor:265553
489,21,112,19,sr:competitor:315567
490,-5,112,10,sr:competitor:72868
491,32,112,17,sr:competitor:930033
492,-3,112,17,sr:competitor:1115539
493,-2,111,16,sr:competitor:942017
494,4,111,22,sr:competitor:409673
495,16,111,21,sr:competitor:448089
496,-4,111,12,sr:competitor:948095
497,-7,111,18,sr:competitor:102637
498,-4,111,22,sr:competitor:677415
499,-33,110,10,sr:competitor:41372
500,-4,110,9,sr:competitor:819750
